id,license,categories,tags,funders,count_references,count_files
13649693,In Copyright,['Public Health and Health Services not elsewhere classified'],"['LGBTIQA+', 'Youth', 'South Australia', 'Education', 'School', 'TAFE', 'University', 'Mental Health', 'Wellbeing', 'Lesbian', 'Gay', 'Bisexual', 'Pansexual', 'Queer', 'Trans', 'Transgender', 'Gender Diverse', 'Asexual']",[],0,1
15159393,CC BY 4.0,['Public Health and Health Services not elsewhere classified'],"['Race', 'variables', 'antiracist', 'public health']",[],0,1
7586939,In Copyright,['Public Health and Health Services not elsewhere classified'],"[""children's independent mobility"", 'physical activity', 'parenting', 'parental fear', 'child health']","[{'id': 7586939, 'funder_name': None}]",0,1
13315283,CC BY 4.0,['Public Health and Health Services not elsewhere classified'],"['wellness policy', 'legal epidemiology', 'school nutrition', 'physical activity']","[{'id': 13315283, 'funder_name': None}]",0,1
15261711,CC BY-SA 4.0,"['Database Management', 'Data Structures', 'Data Communications', 'Data Format', 'Genomics', 'Public Health and Health Services not elsewhere classified', 'Environmental Impact Assessment']","['data', 'stardit', 'public involvement', 'research', 'reporting', 'impact', 'outcomes']",[],0,1
18054776,In Copyright,"['Health Policy', 'Health and Community Services', 'Public Health and Health Services not elsewhere classified']","['policy change', 'systems change', 'environmental change', 'health', 'programs', 'communities', 'organizations', 'health inequities']","[{'id': 18054776, 'funder_name': None}, {'id': 18054776, 'funder_name': None}]",0,1
13331405,In Copyright,['Public Health and Health Services not elsewhere classified'],"['digital media', 'addiction']",[],0,0
12980831,CC BY-ND 4.0,"['Health Policy', 'Public Policy', 'Social Policy', 'Research, Science and Technology Policy', 'Public Health and Health Services not elsewhere classified']","['Evidence', 'Policy', 'COVID-19', 'Tracker', 'Policy making']",[],0,1
13346609,CC BY 4.0,['Public Health and Health Services not elsewhere classified'],"['sexual health', 'gender']",[],0,1
20076200,CQUniversity Open Access 1.0,['Public Health and Health Services not elsewhere classified'],"['Aboriginal and Torres Strait Islander people', 'Domestic violence', 'Family violence']","[{'id': 20076200, 'funder_name': None}]",0,1
14452587,In Copyright,"['Health Promotion', 'Public Health and Health Services not elsewhere classified']","['young people', 'adolescents', 'Victoria', 'Australia', 'HIV', 'STIs', 'HPV', 'LGBTQIA+', 'Aboriginal Torres Strait Islander', 'sexual health', 'relationships and sexuality education', 'sex education', 'hepatitis', 'sexual health knowledge', 'rural']","[{'id': 14452587, 'funder_name': None}]",0,1
19701715,In Copyright,['Public Health and Health Services not elsewhere classified'],"['Health and social wellbeing', 'sex workers', 'sexual health', 'mental health', 'Victoria', 'Australia']","[{'id': 19701715, 'funder_name': None}]",0,1
19105496,CC BY 4.0,"['Public Nutrition Intervention', 'Public Health and Health Services not elsewhere classified', 'Public Policy']","['Junk food -- Health aspects', 'Unhealthy Food Advertising', 'unhealthy food and beverages', 'marketing to children']",[],0,1
16823335,CC BY 4.0,"['Public Health and Health Services not elsewhere classified', 'Health Promotion', 'Health and Community Services', 'Environmental and Occupational Health and Safety']","['health justice', 'Social Determination of Health', 'environmental conditions', 'inequities and inequalities in health']",[],0,1
13464497,CQUniversity General 1.0,"['Aboriginal and Torres Strait Islander Health', 'Solid Tumours', 'Public Health and Health Services not elsewhere classified']","['Cancer', 'Leukaemia', 'Head and neck']","[{'id': 13464497, 'funder_name': None}]",0,0
13323155,In Copyright,['Public Health and Health Services not elsewhere classified'],"['smoking cessation', 'tobacco cessation', 'tobacco interventions', 'smoking cessation interventions', 'illicit drug users', 'pharmacotherapy', 'counselling']",[],0,0
13611491,In Copyright,['Public Health and Health Services not elsewhere classified'],"['LGBT', 'LGBTQA', 'Lesbian', 'Gay', 'Bisexual', 'Trans', 'Transgender', 'Gender Diverse', 'Asexual', 'Pansexual', 'Queer', 'Homophobia', 'Transphobia', 'ARCSHS', 'Public Health', 'Activism', 'Community', 'Young People', 'School', 'Education', 'TAFE', 'University', 'Workplace', 'Bullying', 'Harrasment', 'Homeslessnes', 'Youth', 'Victoria']",[],0,1
12793466,In Copyright,['Public Health and Health Services not elsewhere classified'],"['LGBTIQ', 'Health', 'Wellbeing', 'Lesbian', 'Gay', 'Bisexual', 'Transgender', 'Intersex', 'Queer']","[{'id': 12793466, 'funder_name': None}]",0,1
20076263,CQUniversity General 1.0,['Public Health and Health Services not elsewhere classified'],"['Domestic violence', 'Family violence', 'Women', 'Children', 'Relationships Australia']","[{'id': 20076263, 'funder_name': None}]",0,1
12502283,CC BY-NC-SA 4.0,['Public Health and Health Services not elsewhere classified'],"['Food-EPI', 'INFORMAS']",[],0,1
12476171,CC BY 4.0,['Public Health and Health Services not elsewhere classified'],"['INFORMAS', 'FOOD-EPI']",[],0,1
13082684,In Copyright,"['Rehabilitation and Therapy (excl. Physiotherapy)', 'Public Health and Health Services not elsewhere classified']","['Royal Australian Air Force', 'Australian Army', 'Royal Australian Navy', 'Australian Defence Force', 'Military', 'Hospitable space', 'Rehabilitation', 'Therapy', 'Sacred spaces', 'Pastoral spaces']",[],0,1
12504134,CC BY-NC-SA 4.0,['Public Health and Health Services not elsewhere classified'],"['Food-EPI', 'INFORMAS']",[],0,1
19288376,In Copyright,"['Health Care', 'Health Promotion', 'Health and Community Services', 'Health Information Systems (incl. Surveillance)', 'Primary Health Care', 'Preventive Medicine', 'Public Health and Health Services not elsewhere classified', 'Counselling, Welfare and Community Services', 'Fertility', 'Gender Specific Studies', 'Health Policy', 'Criminal Law and Procedure', 'Disability Studies', 'Feminist Theory', 'Gender studies', 'Gender, Sexuality and Education', 'Human Rights Law', 'Human Rights and Justice Issues', 'Religion and Society']","['Annual Report', 'Australian Research Centre in Sex, Health and Society', 'La Trobe University']",[],0,1
13277813,In Copyright,"['Respiratory Diseases', 'Public Health and Health Services not elsewhere classified']","['Military', 'Defence Force', 'Army', 'Navy', 'Air Force', 'COVID-19']",[],0,1
16968478,CC BY 4.0,"['Public Health and Health Services not elsewhere classified', 'Public Nutrition Intervention']","['food environments', 'marketing', 'policy', 'food composition', 'labelling', 'public health nutrition']","[{'id': 16968478, 'funder_name': None}, {'id': 16968478, 'funder_name': None}]",0,1
20191112,In Copyright,"['Education Policy', 'Gender Specific Studies', 'Family and Household Studies', 'Public Policy', 'Social Change', 'Social Policy', 'Diseases', 'Epidemiology', 'Health Care', 'Health Promotion', 'Primary Health Care', 'Public Health and Health Services not elsewhere classified', 'Venereology']","['sexual health', 'sexual literacy', 'sex education', 'sex ed', 'STIs', 'sexually transmitted infections', 'sexually transmitted diseases', 'youth sex ed', 'youth sexual health', 'consent', 'consent education', 'healthy sexuality', 'online sex education']",[],0,1
12731144,In Copyright,"['Public Health and Health Services not elsewhere classified', 'Psychology not elsewhere classified']","['policy', 'autism', 'young adults', 'mental health', 'children', 'education', 'employment']","[{'id': 12731144, 'funder_name': None}]",0,1
19701799,In Copyright,['Public Health and Health Services not elsewhere classified'],"['Health and social wellbeing', 'sex workers', 'sexual health', 'mental health', 'Victoria', 'Australia']","[{'id': 19701799, 'funder_name': None}]",0,1
13433360,CQUniversity General 1.0,['Public Health and Health Services not elsewhere classified'],"['HAIL project', 'Housing and Independent Living', 'Older people', 'Housing modification', 'New South Wales']","[{'id': 13433360, 'funder_name': None}]",0,0
16861954,In Copyright,"['Ecological Impacts of Climate Change', 'Natural Hazards', 'Health and Community Services', 'Public Health and Health Services not elsewhere classified', 'Applied Sociology, Program Evaluation and Social Impact Assessment']","['social vulnerability', 'classification', 'performance assessment', 'decision tree-based methods']",[],0,1
13439963,CQUniversity General 1.0,['Public Health and Health Services not elsewhere classified'],['Domestic violence'],[],0,0
7016126,In Copyright,['Public Health and Health Services not elsewhere classified'],"['alcohol', 'harm to others', 'technical report']",[],0,1
20288994,CQUniversity General 1.0,['Public Health and Health Services not elsewhere classified'],"['Domestic violence', 'Domestic and family violence', 'QPS']","[{'id': 20288994, 'funder_name': None}]",0,0
12476177,CC BY 4.0,['Public Health and Health Services not elsewhere classified'],"['Food-EPI', 'INFORMAS']",[],0,1
18054395,In Copyright,"['Public Health and Health Services not elsewhere classified', 'Health and Community Services', 'Health Policy']","['policy change', 'systems change', 'environmental change', 'technical assistance', 'resources', 'action steps', 'tool']","[{'id': 18054395, 'funder_name': None}, {'id': 18054395, 'funder_name': None}]",0,1
13293827,In Copyright,"['Rehabilitation and Therapy (excl. Physiotherapy)', 'Public Health and Health Services not elsewhere classified']","['Australian Defence Force', 'Royal Australian Air Force', 'Military', 'Safe Spaces', 'Rehabilitation', 'Chaplaincy', 'Pastoral Care', 'Spiritual Care']",[],0,1
17169089,In Copyright,"['Public Health and Health Services not elsewhere classified', 'Health Care Administration', 'Health Policy']","['quality improvement projects', 'Social media use', 'Consumer engagement', 'Public hospitals', 'Service design innovation']","[{'id': 17169089, 'funder_name': None}]",0,1
18047966,In Copyright,"['Public Health and Health Services not elsewhere classified', 'Health and Community Services', 'Health Policy']","['policy change', 'systems change', 'environmental change', 'implementation', 'sustainability', 'systems thinking', 'communications', 'constituency building', 'capacity building', 'infrastructure']","[{'id': 18047966, 'funder_name': None}, {'id': 18047966, 'funder_name': None}]",0,1
13143212,CC BY 4.0,['Public Health and Health Services not elsewhere classified'],"['Engagement', 'Community Engagement', 'Virtual Engagement']",[],0,1
13459013,CQUniversity General 1.0,"['Health Care Administration', 'Public Health and Health Services not elsewhere classified']",['Leukaemia'],"[{'id': 13459013, 'funder_name': None}]",0,0
20064761,CQUniversity General 1.0,['Public Health and Health Services not elsewhere classified'],"['Sexual assault', 'Sexual violence', 'Women']","[{'id': 20064761, 'funder_name': None}]",0,1
13450085,All Rights Reserved 1.0,"['Medicine, Nursing and Health Curriculum and Pedagogy', 'Public Health and Health Services not elsewhere classified']","['social accountability', 'health professional education']","[{'id': 13450085, 'funder_name': None}]",0,0
13345196,CC BY 4.0,"['Public Health and Health Services not elsewhere classified', 'Public Nutrition Intervention']",['INFORMAS Public Sector'],[],0,1
18046424,In Copyright,"['Public Health and Health Services not elsewhere classified', 'Health and Community Services', 'Health Policy']","['policy change', 'systems change', 'environmental change', 'strategy development', 'engagement', 'adoption', 'implementation', 'institutionalization', 'expansion', 'systems thinking']","[{'id': 18046424, 'funder_name': None}, {'id': 18046424, 'funder_name': None}]",0,1
16924351,In Copyright,"['Public Health and Health Services not elsewhere classified', 'Cancer', 'Preventive Medicine', 'Health and Community Services']","['global health', 'partnership', 'Senegal', 'rural', 'cancer', 'cervical cancer', 'prevention', 'assessment']","[{'id': 16924351, 'funder_name': None}, {'id': 16924351, 'funder_name': None}]",0,1
16416801,CC BY-NC 4.0,['Public Health and Health Services not elsewhere classified'],"['intimate partner violence', 'Covid-19', 'Safety Planning']",[],0,1
13157720,CC BY 4.0,['Public Health and Health Services not elsewhere classified'],"['public health', 'Community Engagement', 'Health justice', 'anti-racist']",[],0,1
13653149,CC BY 4.0,"['Public Health and Health Services not elsewhere classified', 'Education', 'Law', 'Law and Legal Studies not elsewhere classified']","['Legal epidemiology', 'COVID-19', 'State Law', 'Vaccines', 'Schools']","[{'id': 13653149, 'funder_name': None}]",0,1
13647926,In Copyright,['Public Health and Health Services not elsewhere classified'],"['LGBT', 'LGBTQA+', 'Youth']",[],0,1
19686468,In Copyright,['Public Health and Health Services not elsewhere classified'],"['Racial Equity', 'institutional transformation', 'Public health']",[],0,1
14120567,CC BY 4.0,"['Endocrinology', 'Health Care', 'Primary Health Care', 'Public Health and Health Services not elsewhere classified', 'Diseases']","['living guidelines', 'consumer involvement', 'consumer engagement', 'diabetes', 'research']",[],0,1
7723232,CC BY 4.0,"['Public Health and Health Services not elsewhere classified', 'Building not elsewhere classified', 'Toxicology']","['Methamphetamine', '""Meth Report""', 'Sir Peter Gluckman', 'Standards', 'Contamination']",[],0,1
18048578,In Copyright,"['Public Health and Health Services not elsewhere classified', 'Health and Community Services', 'Health Policy']","['policy change', 'systems change', 'environmental change', 'technical assistance', 'strategy development', 'engagement', 'adoption', 'implementation', 'institutionalization', 'expansion']","[{'id': 18048578, 'funder_name': None}, {'id': 18048578, 'funder_name': None}]",0,1
13416926,CQUniversity General 1.0,"['Medical and Health Sciences not elsewhere classified', 'Public Health and Health Services not elsewhere classified', 'Cancer Diagnosis']","['School', 'Acute lymphoblastic leukaemia', 'Paediatrics', 'Psycho-social', 'Support']","[{'id': 13416926, 'funder_name': None}]",0,1
13653143,CC BY 4.0,"['Public Health and Health Services not elsewhere classified', 'Nutrition and Dietetics not elsewhere classified']","['USDA', 'School Meals', 'State Law', 'Legal epidemiology']","[{'id': 13653143, 'funder_name': None}, {'id': 13653143, 'funder_name': None}]",0,1
13452692,CQUniversity General 1.0,"['Public Health and Health Services not elsewhere classified', 'Education systems not elsewhere classified', 'Engineering Design not elsewhere classified']","['Community of practice', 'Curriculum', 'Graduate outcomes', 'Health', 'Industry', 'Interdisciplinary', 'Learning', 'Occupational health and safety', 'Profession']","[{'id': 13452692, 'funder_name': None}]",0,1
16632754,CC BY-ND 4.0,['Public Health and Health Services not elsewhere classified'],"['Covid-19', 'Masks', 'Medical mask', 'N95', 'Border workers', 'Essential workers', 'Mask use']",[],0,1
16924396,In Copyright,"['Community Planning', 'Land Use and Environmental Planning', 'Urban Design', 'Urban and Regional Planning not elsewhere classified', 'Public Health and Health Services not elsewhere classified', 'Health and Community Services']","['coalition building', 'capacity building', 'urban parks', 'park safety', 'park facilities', 'training', 'park advisory councils', 'playground renovations', 'park programming']","[{'id': 16924396, 'funder_name': 'National Center for Chronic Disease Prevention and Health Promotion'}]",0,1
13647860,In Copyright,['Public Health and Health Services not elsewhere classified'],"['LGBT', 'LGBTIQA', 'Lesbian', 'Gay', 'Bisexual', 'Trans', 'Transgender', 'Gender Diverse', 'Asexual', 'Pansexual', 'Queer', 'Homophobia', 'Transphobia', 'ARCSHS', 'Public Health', 'Activism', 'Community', 'TAFE', 'University', 'Workplace', 'Bullying', 'Harrasment', 'homelessness', 'Youth', 'Australia']",[],0,1
13647938,In Copyright,['Public Health and Health Services not elsewhere classified'],"['LGBT', 'LGBTQA+', 'Youth', 'School', 'Education', 'University', 'Workplace', 'Homophobia', 'Transphobia', 'Biphobia', 'Lesbian', 'Gay', 'Bisexual', 'Pansexual', 'Queer', 'Asexual', 'Trans', 'Transgender', 'Gender Diverse', 'Mental Health', 'Wellbeing']",[],0,1
7070297,In Copyright,"['Professional Ethics (incl. police and research ethics)', 'Public Health and Health Services not elsewhere classified']","['Internet research', 'social media', 'internet', 'research participants', 'recruitment', 'retention', 'tracing', 'research ethics', 'research ethics issues', 'human research ethics committee', 'research ethics committee', 'Institutional Review Board', 'Ethical Issues', 'ethics']","[{'id': 7070297, 'funder_name': None}]",0,1
17118662,CC BY 4.0,"['Public Health and Health Services not elsewhere classified', 'Nutrition and Dietetics not elsewhere classified']","['food environments', 'New Zealand']","[{'id': 17118662, 'funder_name': None}]",0,1
12618989,In Copyright,['Public Health and Health Services not elsewhere classified'],"['COVID-19', 'LGBTIQ', 'Health', 'LGBT health']",[],0,1
13244834,In Copyright,"['Rehabilitation and Therapy (excl. Physiotherapy)', 'Public Health and Health Services not elsewhere classified']","['military', 'defence members', 'spiritual care', 'chaplains', 'sense of the sacred']",[],0,1
7016129,In Copyright,['Public Health and Health Services not elsewhere classified'],"['alcohol', 'harm to others']",[],0,1
13693678,CC BY-NC 4.0,"['Transport Planning', 'Engineering Systems Design', 'Community Planning', 'Transport Economics', 'Air Transportation and Freight Services', 'Transportation and Freight Services not elsewhere classified', 'Non-automotive Combustion and Fuel Engineering (incl. Alternative/Renewable Fuels)', 'Transport Engineering', 'Automotive Engineering not elsewhere classified', 'Public Health and Health Services not elsewhere classified', 'Social and Community Informatics']","['Transportation Electrification', 'Electric vehicles (EVs)', 'Electric vehicle charging station (EVCS)', 'Electric Vehicle Charging Station', 'policy guidelines']",[],0,1
13446668,CQUniversity Open Access 1.0,['Health Promotion'],"['Fitness', 'Pregnancy']",[],0,0
13444775,CQUniversity Open Access 1.0,"['Health Economics', 'Health Promotion']","['Gambling', 'Tasmania', 'Social impact of gambling', 'Economic impacts', 'Government policy']","[{'id': 13444775, 'funder_name': None}]",0,0
13446647,CQUniversity Open Access 1.0,['Health Promotion'],"['Pregnancy', 'Exercise']",[],0,0
13450031,CQUniversity Open Access 1.0,"['Aboriginal and Torres Strait Islander Health', 'Mental Health', 'Health Promotion']","['Aboriginal Australians', 'Torres Strait Islander people', 'Indigenous Australians', 'Literature review', 'Social wellbeing', 'Emotional wellbeing', 'Workforce requirements', 'Implementation']","[{'id': 13450031, 'funder_name': None}]",0,0
13457465,CQUniversity General 1.0,['Health Promotion'],"['10,000 steps', 'Physical activity', 'Primary schools']","[{'id': 13457465, 'funder_name': None}]",0,3
17035850,CC BY 4.0,"['Environmental and Occupational Health and Safety', 'Health Policy', 'Community Planning', 'Health and Community Services', 'Health Promotion']","['informal work', 'healthy work', 'community-based participatory research', 'policy analysis']","[{'id': 17035850, 'funder_name': None}]",0,1
13441124,CQUniversity General 1.0,['Health Promotion'],"['10,000 steps', 'Physical activity', 'Website']","[{'id': 13441124, 'funder_name': None}]",0,1
19372769,CC BY 4.0,"['Pacific Peoples Health', 'Health Care', 'Health Promotion', 'Maori Health', 'Community Child Health', 'Health Policy']","['Healthier Lives', 'National Science Challenge', 'Policy', 'Inventory']","[{'id': 19372769, 'funder_name': None}]",0,1
13437107,CQUniversity General 1.0,['Health Promotion'],"['10,000 steps', 'Physical activity', 'Indigenous']","[{'id': 13437107, 'funder_name': None}]",0,1
7464827,In Copyright,['Health Promotion'],"['pharmacy students', 'pharmacy services', 'holistic care']",[],0,1
13438565,CQUniversity General 1.0,['Health Promotion'],"['10,000 steps', 'Physical activity', 'Awareness']","[{'id': 13438565, 'funder_name': None}]",0,9
13446653,CC BY 3.0,['Health Promotion'],"['Pregnancy', 'Exercise']",[],0,0
18040811,In Copyright,"['Public Nutrition Intervention', 'Health Policy', 'Health Promotion', 'Health Economics', 'Health and Community Services']","['retail food environment', 'measurement', 'environmental audit', 'inter-rater reliability', 'nutrition', 'Sugar-sweetened beverages (SSBs)']","[{'id': 18040811, 'funder_name': None}]",0,1
12870686,CC BY 4.0,['Health Promotion'],"['active travel', 'active school travel', 'built environment', 'covid-19', 'health promotion']","[{'id': 12870686, 'funder_name': None}]",0,1
13393844,CQUniversity General 1.0,"['Health Economics', 'Health Promotion']","['Gambling', 'Social Cost', 'Harm', 'Impact']","[{'id': 13393844, 'funder_name': None}]",0,0
16918951,In Copyright,"['Neurology and Neuromuscular Diseases', 'Behavioral Neuroscience', 'Central Nervous System', 'Health Care', 'Health Counselling', 'Health Promotion', 'Health and Community Services']","['epilepsy', 'underserved', 'self-management', 'health literacy', 'seizure', 'quality of life']","[{'id': 16918951, 'funder_name': None}, {'id': 16918951, 'funder_name': None}]",0,1
13461527,CQUniversity General 1.0,['Health Promotion'],"['10,000 steps', 'Physical activity', 'Primary schools']","[{'id': 13461527, 'funder_name': None}]",0,1
13438154,CQUniversity General 1.0,"['Emergency Medicine', 'Health Promotion', 'Epidemiology']","['Paramedic', 'Ambulance']",[],0,0
13463942,CQUniversity General 1.0,['Health Promotion'],"['10,000 steps', 'Physical activity', 'Impact']","[{'id': 13463942, 'funder_name': None}]",0,3
13395776,CC BY-NC-ND 4.0,"['Health Economics', 'Health Promotion']","['Gambling', 'Risk-taking', 'Social Cost', 'Victoria']","[{'id': 13395776, 'funder_name': None}]",0,3
16919080,In Copyright,"['Public Nutrition Intervention', 'Health Policy', 'Health Promotion', 'Health Economics', 'Health and Community Services']","['USDA', 'Supplemental Nutrition Assistance Program (SNAP)', 'staple foods', 'food stores']","[{'id': 16919080, 'funder_name': None}, {'id': 16919080, 'funder_name': None}]",0,1
13457444,CQUniversity General 1.0,['Health Promotion'],"['10,000 steps', 'Physical activity', 'Workplaces']","[{'id': 13457444, 'funder_name': None}]",0,3
13437113,CQUniversity General 1.0,['Health Promotion'],"['10,000 steps', 'Physical activity', 'Website']","[{'id': 13437113, 'funder_name': None}]",0,1
13465505,CQUniversity General 1.0,['Health Promotion'],"['10,000 steps', 'Physical activity', 'Interventions']","[{'id': 13465505, 'funder_name': None}]",0,3
16783768,In Copyright,"['Community Child Health', 'Health Promotion', 'Health and Community Services', 'Paediatrics', 'Preventive Medicine', 'Education Policy', 'Health Policy']","['state law', 'vaccination', 'legal epidemiology']","[{'id': 16783768, 'funder_name': None}]",0,2
13393859,CQUniversity General 1.0,"['Health Promotion', 'Exercise Physiology', 'Sports Medicine']","['Pregnancy', 'Physical Activity', 'Exercise', 'Postpartum']",[],0,0
13463972,CQUniversity General 1.0,['Health Promotion'],"['10,000 steps', 'Physical activity', 'Primary schools']","[{'id': 13463972, 'funder_name': None}]",0,3
13441085,CQUniversity General 1.0,['Health Promotion'],"['10,000 steps', 'Physical activity', 'Community']","[{'id': 13441085, 'funder_name': None}]",0,2
19635138,CC BY 4.0,['Health Promotion'],"['car use', 'active travel', 'travel mode']",[],0,1
13402817,CQUniversity General 1.0,['Health Promotion'],"['Evidence-informed prevention policy', 'Modifiable risk factors', 'Osteoarthritis', 'Osteoporosis', 'Musculoskeletal conditions', 'Health promotion and prevention programs']","[{'id': 13402817, 'funder_name': None}]",0,0
14769897,CC BY 4.0,['Public health not elsewhere classified'],"['Spelproblem', 'spelvanor', 'spel om pengar', 'SWELOGS', 'REGAPS', 'förändringsfaktorer', 'kvalitativa intervjuer', 'folkhälsovetenskap', 'Public Health Approach', 'Gambling behaviour', 'Research Reports in Public Health Sciences', 'Public Health and Health Services not elsewhere classified']","[{'id': 14769897, 'funder_name': 'Swedish Research Council for Health Working Life and Welfare'}, {'id': 14769897, 'funder_name': 'Swedish Research Council for Health Working Life and Welfare'}, {'id': 14769897, 'funder_name': None}]",0,1
12732020,CC BY 4.0,"['Health care administration', 'Health and community services', 'Primary health care', 'Public health not elsewhere classified']","['Primary health care (MeSH)', 'Program Implementation', 'Vulnerable populations', 'health services access', 'health service delivery modalities', 'health service delivery model', 'Service access', 'Health Care', 'Health and Community Services', 'Primary Health Care', 'Public Health and Health Services not elsewhere classified']","[{'id': 12732020, 'funder_name': None}]",0,0
9958763,CC BY-NC 4.0,['Public health not elsewhere classified'],"['Alcohol duty', 'Taxation', 'Duty escalator', 'Alcohol policy', 'Public Health and Health Services not elsewhere classified']","[{'id': 9958763, 'funder_name': None}]",0,1
14286167,CC BY-ND 4.0,"['Preventative health care', 'Public health not elsewhere classified']","['university', 'students', 'mental health', 'Preventive Medicine', 'Public Health and Health Services not elsewhere classified']","[{'id': 14286167, 'funder_name': None}]",0,1
14821791,CC BY-NC-ND 4.0,"['Public health not elsewhere classified', 'Health care administration']","['Learning Health System', 'Healthcare Improvement', 'data utilisation', 'implementation science', 'Stakeholder priorities', 'Benchmarking', 'system level initiative', 'Embedded data', 'Public Health and Health Services not elsewhere classified', 'Health Care']","[{'id': 14821791, 'funder_name': None}]",0,1
6948893,CC BY-NC-ND 4.0,"['Aboriginal and Torres Strait Islander health and wellbeing not elsewhere classified', 'Preventative health care', 'Community child health', 'Foetal development and medicine', 'Health and community services', 'Mental health nursing', 'Midwifery not elsewhere classified', 'Obstetrics and gynaecology', 'Public health not elsewhere classified', 'Aboriginal and Torres Strait Islander medicine and treatments']","['First 1000\xa0days of life', 'Indigenous', 'Australian', 'Indonesian', 'Infant', 'Healthcare', 'Traditional', 'Agency', 'Aboriginal and Torres Strait Islander Health', 'Clinical Nursing: Primary (Preventative)', 'Community Child Health', 'Foetal Development and Medicine', 'Health and Community Services', 'Mental Health Nursing', 'Midwifery', 'Obstetrics and Gynaecology', 'Public Health and Health Services not elsewhere classified', 'Traditional Aboriginal and Torres Strait Islander Medicine and Treatments']","[{'id': 6948893, 'funder_name': None}]",0,1
14603280,CC BY-SA 4.0,['Public health not elsewhere classified'],"['COVID-19', 'Working from Home', 'Public Health and Health Services not elsewhere classified']","[{'id': 14603280, 'funder_name': None}, {'id': 14603280, 'funder_name': None}]",0,1
14900208,CC BY 4.0,"['Public health not elsewhere classified', 'Health policy', 'Public policy', 'Policy and administration not elsewhere classified']","['Health and Wellbeing Board', 'community engagement', 'public influence', 'public engagement', 'participation', 'partnership', 'Public Health and Health Services not elsewhere classified', 'Health Policy', 'Public Policy', 'Policy and Administration not elsewhere classified']","[{'id': 14900208, 'funder_name': None}]",3,1
11608440,Public Domain,"['Public health not elsewhere classified', 'Community psychology', 'Social psychology', 'Sport and leisure management', 'Applied sociology, program evaluation and social impact assessment']","['LGBT', 'sport', 'discrimination problem', 'quantitative', 'Homophobia', 'Gay men', 'Victimisation', 'Youth Organized sport', 'Team sport', 'Public Health and Health Services not elsewhere classified', 'Social and Community Psychology', 'Sport and Leisure Management', 'Applied Sociology, Program Evaluation and Social Impact Assessment']","[{'id': 11608440, 'funder_name': None}, {'id': 11608440, 'funder_name': None}, {'id': 11608440, 'funder_name': None}, {'id': 11608440, 'funder_name': None}]",1,3
14428805,CC BY 4.0,['Public health not elsewhere classified'],"['social prescribing', 'Third sector organisations', 'Public Health and Health Services not elsewhere classified']","[{'id': 14428805, 'funder_name': None}]",0,1
6233594,CC BY-NC-ND 4.0,"['Counselling psychology', 'Health psychology', 'Public health not elsewhere classified', 'Health care administration', 'Health and community services', 'Health promotion', 'Infrastructure engineering and asset management', 'Electrical energy generation (incl. renewables, excl. photovoltaics)', 'Electrical engineering not elsewhere classified', 'Environment policy', 'Urban policy', 'Public policy', 'Health policy', 'Education policy', 'Research, science and technology policy', 'Science, technology and engineering curriculum and pedagogy', 'Economic development policy', 'Water treatment processes', 'Water resources engineering', 'Food packaging, preservation and processing', 'Packaging, storage and transportation (excl. food and agricultural products)', 'Agriculture, land and farm management not elsewhere classified']","['australia', 'indonesia', 'research', 'collaboration', 'energy', 'health', 'infrastructure', 'water', 'food', 'agriculture', 'capacity building', 'Health, Clinical and Counselling Psychology', 'Public Health and Health Services not elsewhere classified', 'Health Care Administration', 'Health and Community Services', 'Health Promotion', 'Health Care', 'Infrastructure Engineering and Asset Management', 'Renewable Power and Energy Systems Engineering (excl. Solar Cells)', 'Power and Energy Systems Engineering (excl. Renewable Power)', 'Environment Policy', 'Urban Policy', 'Public Policy', 'Health Policy', 'Education Policy', 'Research, Science and Technology Policy', 'Science Policy', 'Economic Development Policy', 'Water Treatment Processes', 'Water Resources Engineering', 'Food Processing', 'Packaging, Storage and Transportation (excl. Food and Agricultural Products)', 'Agriculture, Land and Farm Management not elsewhere classified']","[{'id': 6233594, 'funder_name': None}]",1,1
13026827,CC BY 4.0,"['Public policy', 'Public health not elsewhere classified', 'Urban sociology and community studies', 'Community planning']","['Health inequity', 'participation', 'influence', 'power', 'local decision-making', 'determinants of health', 'health inequality', 'Public Policy', 'Public Health and Health Services not elsewhere classified', 'Urban Sociology and Community Studies', 'Community Planning']","[{'id': 13026827, 'funder_name': None}]",3,1
14560761,CC BY 4.0,['Public health not elsewhere classified'],"['social prescribing', 'loneliness', 'social isolation', 'public health', 'mixed methods', 'Public Health and Health Services not elsewhere classified']",[],0,2
13101491,CC BY-ND 4.0,"['Sociology and social studies of science and technology', 'Sociology not elsewhere classified', 'Health surveillance', 'Public health not elsewhere classified', 'Health policy', 'Communication technology and digital media studies', 'Media studies', 'Communications and media policy']","['antibiotic', 'public health', 'sociology of medicine', 'Sociology of health and illness', 'sociology', 'antimicrobial resistance', 'Sociology and Social Studies of Science and Technology', 'Sociology', 'Health Information Systems (incl. Surveillance)', 'Public Health and Health Services not elsewhere classified', 'Health Policy', 'Communication Technology and Digital Media Studies', 'Media Studies', 'Communications and Media Policy']","[{'id': 13101491, 'funder_name': 'Australian Research Council'}]",0,1
12497396,CC BY 4.0,"['Social policy', 'Clinical social work practice', 'Public health not elsewhere classified']","['Gambling problems', 'Spelproblem', 'Spel om pengar', 'Gambling', 'Socialtjänst', 'Hälso- och sjukvård', 'Research Reports in Public Health Sciences', 'Social Policy', 'Clinical Social Work Practice', 'Public Health and Health Services not elsewhere classified']","[{'id': 12497396, 'funder_name': None}]",1,1
19027958,CC BY-NC-SA 4.0,"['Transport planning', 'Community planning', 'Other built environment and design not elsewhere classified', 'Health promotion', 'Preventative health care', 'Public health not elsewhere classified', 'Econometric and statistical methods', 'Health economics']","['transport planning', 'health', 'active transport', 'health economics', 'Australian Urban Observatory', 'Transport Planning', 'Community Planning', 'Built Environment and Design not elsewhere classified', 'Health Promotion', 'Preventive Medicine', 'Public Health and Health Services not elsewhere classified', 'Econometric and Statistical Methods', 'Health Economics']","[{'id': 19027958, 'funder_name': None}]",2,1
16628989,CC BY 4.0,"['Health economics', 'Public health not elsewhere classified']","['Open data', 'Public health', 'Parkrun', 'Health Economics', 'Public Health and Health Services not elsewhere classified']",[],1,1
16782985,CC BY 4.0,"['Cardiology (incl. cardiovascular diseases)', 'Health and community services', 'Health promotion', 'Primary health care', 'Public health not elsewhere classified']","['communication vulnerability', 'NAH', 'questionnaires', 'guideline communication friendly measuring', 'leidraad communicatievriendelijk meten', 'vragenlijsten', 'Cardiology (incl. Cardiovascular Diseases)', 'Health and Community Services', 'Health Promotion', 'Primary Health Care', 'Public Health and Health Services not elsewhere classified']","[{'id': 16782985, 'funder_name': None}]",0,1
14428769,CC BY 4.0,['Public health not elsewhere classified'],"['Occupational Health', 'Berevement', 'Emergency workers', 'Public Health and Health Services not elsewhere classified']",[],0,1
19679769,CC BY 4.0,['Public health not elsewhere classified'],"['antimicrobial resistance information', 'health behaviours', 'Public Health and Health Services not elsewhere classified']",[],0,1
12440513,CC BY 4.0,['Public health not elsewhere classified'],"['Systematic reviews as topic', 'Meta-Analysis', 'PICO', 'Cross-Sectional Study', 'synthesis without meta-analysis', 'Narrative synthesis', 'Data extraction', 'Public Health and Health Services not elsewhere classified']","[{'id': 12440513, 'funder_name': None}, {'id': 12440513, 'funder_name': None}, {'id': 12440513, 'funder_name': None}]",1,1
13289318,CC BY-NC-ND 4.0,['Public health not elsewhere classified'],"['work injury', 'occupational health', ""workers' compensation"", 'Public Health and Health Services not elsewhere classified']","[{'id': 13289318, 'funder_name': None}, {'id': 13289318, 'funder_name': None}]",0,1
12792476,CC BY 4.0,"['Other health sciences not elsewhere classified', 'Public health not elsewhere classified']","['Data Management', 'Data Planning', 'Value Chain', 'Research Data Value Chain', 'Data Dictionary', 'Data Linkage', 'Data Sharing', 'Research Data Management', 'Data Governance', 'Research Data Governance', 'Medical and Health Sciences not elsewhere classified', 'Public Health and Health Services not elsewhere classified']",[],0,1
14237225,CC BY-ND 4.0,['Public health not elsewhere classified'],"['Systematic review;', 'public health and epidemiology', 'employment characteristics', 'Older adult', 'Public Health and Health Services not elsewhere classified']","[{'id': 14237225, 'funder_name': 'NIHR Evaluation Trials and Studies Coordinating Centre'}]",0,1
14562324,CC BY 4.0,"['Intensive care', 'Health care administration', 'Nursing not elsewhere classified', 'Public health not elsewhere classified']","['scoping review Objectives', 'Literature review', 'Nursing', 'Critical care', 'Low and middle income countrie', 'Intensive Care', 'Health Care Administration', 'Nursing not elsewhere classified', 'Public Health and Health Services not elsewhere classified']","[{'id': 14562324, 'funder_name': None}]",0,1
14428790,CC BY 4.0,['Public health not elsewhere classified'],"['bereavement support need', 'Third sector organisations', 'Public Health and Health Services not elsewhere classified']",[],0,1
6442874,CC BY-NC-ND 4.0,"['Health policy', 'Public health not elsewhere classified', 'Health economics', 'Primary health care', 'Health and community services', 'Health surveillance', 'Medicine, nursing and health curriculum and pedagogy', 'Health promotion', 'Community child health', 'Health care administration', 'Occupational and workplace health and safety']","['Health', 'Tobacco', 'Denpasar, Bali', 'Smoking', 'Policy Briefs', 'Results Summary', 'Health Policy', 'Public Health and Health Services not elsewhere classified', 'Health Economics', 'Primary Health Care', 'Health and Community Services', 'Health Information Systems (incl. Surveillance)', 'Medicine, Nursing and Health Curriculum and Pedagogy', 'Health Promotion', 'Community Child Health', 'Health Care', 'Environmental and Occupational Health and Safety']","[{'id': 6442874, 'funder_name': None}]",1,1
17193356,CC BY 4.0,"['Public health not elsewhere classified', 'Infectious diseases', 'Health surveillance']","['Wastewater', 'COVID-19', 'Public Health Surveillance', 'Ethics', 'Communication', 'Responsible Innovation', 'Public Health and Health Services not elsewhere classified', 'Infectious Diseases', 'Health Information Systems (incl. Surveillance)']","[{'id': 17193356, 'funder_name': None}, {'id': 17193356, 'funder_name': None}]",0,1
14723685,CC BY 4.0,"['Public health not elsewhere classified', 'Health care administration', 'Health surveillance', 'Health and community services']","['Real World Data', 'Public Health', 'Health Research', 'Health', 'Public Health and Health Services not elsewhere classified', 'Health Care', 'Health Information Systems (incl. Surveillance)', 'Health and Community Services']","[{'id': 14723685, 'funder_name': None}]",3,1
14428787,CC BY 4.0,['Public health not elsewhere classified'],"['Military', 'bereavement support programs', 'Third sector organisations', 'Public Health and Health Services not elsewhere classified']","[{'id': 14428787, 'funder_name': None}]",0,1
3979575,CC BY 4.0,['Public health not elsewhere classified'],"['Disinvestment', 'resource allocation', 'evaluation', 'health technology', 'Public Health and Health Services not elsewhere classified']","[{'id': 3979575, 'funder_name': None}]",0,1
12444548,CC BY 4.0,"['Other human society not elsewhere classified', 'Public health not elsewhere classified']","['Alcohol', 'Advertising', 'Sponsorship', 'Sport', 'Alcohol Marketing', 'Alcohol Regulation', 'Children', 'Young people', 'Studies in Human Society not elsewhere classified', 'Public Health and Health Services not elsewhere classified']","[{'id': 12444548, 'funder_name': None}]",0,1
14825604,CC BY-NC-ND 4.0,"['Health care administration', 'Public health not elsewhere classified']","['Learning Health System', 'Healthcare Improvement', 'Data utilisation', 'implementation science', 'Stakeholder priorities', 'Benchmarking', 'system level initiative', 'Embedded data', 'Health Care', 'Public Health and Health Services not elsewhere classified']","[{'id': 14825604, 'funder_name': None}]",0,1
12441917,CC BY 4.0,['Public health not elsewhere classified'],"['Protocol', 'Systematic reviews as topic', 'Cross-Sectional Study', 'PRISMA-P checklist', 'Public Health and Health Services not elsewhere classified']","[{'id': 12441917, 'funder_name': None}, {'id': 12441917, 'funder_name': None}, {'id': 12441917, 'funder_name': None}]",1,1
17124230,In Copyright,"['Nutrition and Dietetics not elsewhere classified', 'Public Nutrition Intervention', 'Health Policy', 'Health Economics']","['USDA', 'US Department of Agriculture', 'Supplemental Nutrition Assistance Program (SNAP)', 'SNAP', 'staple foods', 'food stores']","[{'id': 17124230, 'funder_name': None}, {'id': 17124230, 'funder_name': None}]",0,1
17124254,In Copyright,"['Nutrition and Dietetics not elsewhere classified', 'Public Nutrition Intervention', 'Health Policy', 'Taxation Law', 'Public Economics- Taxation and Revenue']","['sugar-sweetened beverages', 'beverage consumption', 'soda', 'energy drinks', 'sports drinks', 'tea and coffee', 'fruit drinks', 'nutrition', 'St. Louis County, MO', 'obesity', 'St. Louis City']","[{'id': 17124254, 'funder_name': None}]",0,1
18055703,In Copyright,"['Nutrition and Dietetics not elsewhere classified', 'Public Nutrition Intervention', 'Health Policy']","['noncaloric sweeteners', 'artificial sweeteners', 'volume sold', 'descriptive statistics', 'nutrition', 'Sugar-sweetened beverages (SSBs)']","[{'id': 18055703, 'funder_name': None}]",0,1
17124281,In Copyright,"['Nutrition and Dietetics not elsewhere classified', 'Public Nutrition Intervention', 'Health Policy', 'Public Economics- Taxation and Revenue', 'Taxation Law']","['added-sugar intake', 'sugar-sweetened beverages', 'beverage consumption', 'nutrition', 'St. Louis City', 'St. Louis County, MO', 'obesity']","[{'id': 17124281, 'funder_name': None}]",0,1
18056252,In Copyright,"['Nutrition and Dietetics not elsewhere classified', 'Public Nutrition Intervention', 'Public Economics- Taxation and Revenue', 'Taxation Law', 'Health Policy']","['retail food environment', 'fast-food restaurants', 'measurement', 'environmental audit', 'inter-rater reliability', 'nutrition', 'Sugar-sweetened beverages (SSBs)']","[{'id': 18056252, 'funder_name': None}]",0,1
18038660,In Copyright,"['Nutrition and Dietetics not elsewhere classified', 'Public Nutrition Intervention', 'Health Policy', 'Taxation Law', 'Public Economics- Taxation and Revenue']","['Sugar-sweetened beverages (SSBs)', 'sugary drinks', 'added sugar', 'beverage consumption', 'obesity', 'Seattle, WA']","[{'id': 18038660, 'funder_name': None}]",0,1
12931883,In Copyright,"['Health Policy', 'Education Policy', 'Public Policy', 'Psychology not elsewhere classified']","['autism spectrum disorder', 'autism', 'transition', 'employment', 'social inclusion', 'mental health', 'anxiety', 'depression']",[],0,1
17124218,In Copyright,"['Nutrition and Dietetics not elsewhere classified', 'Public Nutrition Intervention', 'Health Policy', 'Public Economics- Taxation and Revenue', 'Taxation Law']","['added-sugar intake', 'sugar-sweetened beverages', 'beverage consumption', 'nutrition', 'Cook County, IL', 'obesity']","[{'id': 17124218, 'funder_name': None}]",0,1
17124200,In Copyright,"['Public Nutrition Intervention', 'Nutrition and Dietetics not elsewhere classified', 'Health Policy', 'Public Economics- Taxation and Revenue', 'Taxation Law']","['sugar-sweetened beverages', 'beverage consumption', 'soda', 'energy drinks', 'sports drinks', 'tea and coffee', 'fruit drinks', 'nutrition', 'Cook County, IL', 'obesity']","[{'id': 17124200, 'funder_name': None}]",0,1
18055355,In Copyright,"['Nutrition and Dietetics not elsewhere classified', 'Public Nutrition Intervention', 'Taxation Law', 'Public Economics- Taxation and Revenue', 'Health Policy']","['tax', 'revenue', 'sweetened beverage tax', 'Sugar-sweetened beverages (SSBs)', 'Cook County, IL']","[{'id': 18055355, 'funder_name': None}]",0,1
16783819,In Copyright,"['Education Policy', 'Health Policy', 'Sociology and Social Studies of Science and Technology']","['state law', 'legal epidemiology', 'equity']","[{'id': 16783819, 'funder_name': None}]",0,2
19690432,CC BY-NC-ND 4.0,"['Clinical Psychology', 'Social and Community Psychology', 'Health Policy', 'Public Policy', 'Research, Science and Technology Policy']","['Autism', 'Mental health', 'Autism Spectrum Disorder', 'Wellbeing', 'Mental wellbeing', 'Suicide', 'Suicide prevention', 'Policy', 'Conference', 'ASfAR', 'Lived experience', 'Autistic culture', 'Neurodiversity', 'Health and wellbeing', 'Portuguese']","[{'id': 19690432, 'funder_name': None}, {'id': 19690432, 'funder_name': None}]",0,3
18039560,In Copyright,"['Nutrition and Dietetics not elsewhere classified', 'Public Nutrition Intervention', 'Taxation Law', 'Public Economics- Taxation and Revenue', 'Health Policy']","['tax pass-through', 'Sugar-sweetened beverages (SSBs)', 'artificially sweetened beverages', 'Cook County, IL']","[{'id': 18039560, 'funder_name': None}]",0,1
13525343,CC BY 4.0,"['Health and Community Services', 'Aboriginal and Torres Strait Islander Health', 'Aged Health Care', 'Health Policy']","['Health Services', 'Housing for the Elderly', 'Health Care Coalitions', 'Home Care Services', 'Public Health and Health Services']",[],0,1
13393430,CQUniversity Open Access 1.0,"['Aboriginal and Torres Strait Islander Policy', 'Race and Ethnic Relations', 'Health Policy']","['Indigenous People', 'Institutional Racism', 'Racial Discrimination', 'Human Rights', 'Public Health Administration']",[],0,3
15183453,In Copyright,"['Nutrition and Dietetics not elsewhere classified', 'Health Policy', 'Public Economics- Taxation and Revenue', 'Taxation Law']","['Revenue', 'SSB Tax', 'Sugar-sweetened beverages', 'Oakland']","[{'id': 15183453, 'funder_name': None}]",0,1
14265239,In Copyright,"['Health Policy', 'Public Policy', 'Research, Science and Technology Policy', 'Clinical Psychology']","['autism', 'autism spectrum disorder', 'mental health', 'anxiety', 'depression', 'insomnia', 'suicide', 'suicide prevention', 'suicide risk', 'treatment', 'research']","[{'id': 14265239, 'funder_name': None}, {'id': 14265239, 'funder_name': None}, {'id': 14265239, 'funder_name': None}, {'id': 14265239, 'funder_name': None}, {'id': 14265239, 'funder_name': None}, {'id': 14265239, 'funder_name': None}]",0,1
16960684,CC BY-NC 4.0,"['Health and Community Services', 'Counselling, Welfare and Community Services']","['HIV', 'hepatitis C', 'peer response', 'peer programs', 'peer organisations', 'organisational change']",[],0,1
16955287,CC BY-NC-SA 4.0,"['Aged Health Care', 'Cardiology (incl. Cardiovascular Diseases)', 'Central Nervous System', 'Geriatrics and Gerontology', 'Health and Community Services', 'Infectious Diseases', 'Mortality', 'Neurology and Neuromuscular Diseases', 'Respiratory Diseases']","['Mortality', 'Hospital Mortality', 'audit', 'Ireland', 'acute cases', 'data', 'healthcare system', 'in-hospital mortality data', 'National Quality Assurance Improvement System (NQAIS)', 'COVID-19', 'Coronavirus', 'SARS-CoV-2', 'Pandemics']",[],1,1
10770080,CC BY-NC-ND 4.0,"['Aged Health Care', 'Cardiology (incl. Cardiovascular Diseases)', 'Central Nervous System', 'Geriatrics and Gerontology', 'Health and Community Services', 'Neurology and Neuromuscular Diseases', 'Psychology and Cognitive Sciences not elsewhere classified']","['Cardiovascular Health', 'Ireland']",[],0,1
16964788,CC BY-NC-SA 4.0,"['Cardiology (incl. Cardiovascular Diseases)', 'Central Nervous System', 'Health and Community Services', 'Mortality', 'Neurology and Neuromuscular Diseases', 'Respiratory Diseases']","['hospital mortality', 'Avoidable deaths', 'hospital statistics', 'Auditory Brain Responses', 'quality indicator', 'Ireland']",[],2,2
16930006,CC BY-NC-SA 4.0,"['Aged Health Care', 'Central Nervous System', 'Geriatrics and Gerontology', 'Health and Community Services', 'Mortality', 'Neurology and Neuromuscular Diseases']","['Stroke', 'Audit', 'severe long-term adult disability', 'emotionally', 'socially', 'Health Service', 'economic costs', 'stroke services', 'health expenditure', 'Brain cells', 'ischaemic stroke', 'haemorrhagic stroke', 'Transient ischaemic attack (TIA)', 'blood vessels']",[],1,1
13293812,In Copyright,"['Health and Community Services', 'Residential Client Care']","['Housing First', 'substance use', 'homelessness', 'housing stability', 'social outcomes']",[],0,0
13463993,CQUniversity General 1.0,"['Health and Community Services', 'Chemotherapy']","['Psychosocial', 'Bereavement']","[{'id': 13463993, 'funder_name': None}]",0,0
13393604,CQUniversity Open Access 1.0,"['Health and Community Services', 'Mental Health']",['Health Education and Promotion'],[],0,0
10798769,CC BY-NC-SA 4.0,"['Aged Health Care', 'Central Nervous System', 'Geriatrics and Gerontology', 'Health and Community Services', 'Neurology and Neuromuscular Diseases']","['National Survey', 'Stroke', 'Survivors', 'Experiences', 'Documenting', 'Self-reported', 'Long term need', 'Systematic Review', 'Community re-integration', 'Post stroke', 'Qualitative synthesis', 'Ireland', 'Irish National Audit of Stroke Care', 'qualitative synthesis', 'Primary effects of stroke', 'Personal factors', 'Social factors', 'Relationships with professionals', 'psychological services', 'economical impact', 'Emotional distress', 'fatigue']","[{'id': 10798769, 'funder_name': None}]",1,1
16960705,CC BY-NC 4.0,"['Health and Community Services', 'Counselling, Welfare and Community Services']","['HIV', 'hepatitis C', 'peer response', 'application tools', 'templates', 'examples', 'case studies', 'peer workers']",[],0,1
16959025,CC BY-NC 4.0,"['Health and Community Services', 'Counselling, Welfare and Community Services']","['HIV', 'hepatitis C', 'peer response', 'peer work', 'program planning', 'organisational change']",[],0,1
16954909,CC BY-NC-SA 4.0,"['Aged Health Care', 'Cardiology (incl. Cardiovascular Diseases)', 'Central Nervous System', 'Geriatrics and Gerontology', 'Health and Community Services', 'Mortality', 'Neurology and Neuromuscular Diseases', 'Respiratory Diseases']","['hospital mortality', 'avoidable deaths', 'hospital statistics', 'audit', 'quality indicator', 'Ireland']",[],2,2
16962358,CC BY-NC-SA 4.0,"['Aged Health Care', 'Cardiology (incl. Cardiovascular Diseases)', 'Central Nervous System', 'Geriatrics and Gerontology', 'Health and Community Services', 'Mortality', 'Neurology and Neuromuscular Diseases', 'Respiratory Diseases']","['hospital mortality', 'avoidable deaths', 'hospital statistics', 'audit', 'quality indicator', 'Ireland']",[],1,1
10769726,CC BY-NC-ND 4.0,"['Aged Health Care', 'Cardiology (incl. Cardiovascular Diseases)', 'Central Nervous System', 'Geriatrics and Gerontology', 'Health and Community Services', 'Neurology and Neuromuscular Diseases', 'Psychology and Cognitive Sciences not elsewhere classified']","['Heart Diseases', 'Strokes']",[],0,1
19614069,CC BY-NC-SA 4.0,"['Land use and environmental planning', 'Urban analysis and development', 'Urban and regional planning not elsewhere classified', 'Urban planning and health', 'Social determinants of health', 'Community planning', 'Strategic, metropolitan and regional planning', 'Social epidemiology', 'Environmental epidemiology', 'Geospatial information systems and geospatial data modelling', 'Urban policy']","['Built Environment and Design not elsewhere classified', 'Urban Analysis and Development', 'Urban Policy', 'Urban Design', 'Epidemiology', 'Human Geography not elsewhere classified']","[{'id': 19614069, 'funder_name': 'National Health and Medical Research Council'}, {'id': 19614069, 'funder_name': 'National Health and Medical Research Council'}, {'id': 19614069, 'funder_name': 'National Institute of Diabetes and Digestive and Kidney Diseases'}, {'id': 19614069, 'funder_name': 'National Center for Chronic Disease Prevention and Health Promotion'}, {'id': 19614069, 'funder_name': None}]",3,2
19614057,CC BY-NC-SA 4.0,"['Land use and environmental planning', 'Urban analysis and development', 'Urban and regional planning not elsewhere classified', 'Urban planning and health', 'Social determinants of health', 'Community planning', 'Strategic, metropolitan and regional planning', 'Social epidemiology', 'Environmental epidemiology', 'Geospatial information systems and geospatial data modelling', 'Urban policy']","['Built Environment and Design not elsewhere classified', 'Urban Analysis and Development', 'Urban Policy', 'Urban Design', 'Epidemiology', 'Human Geography not elsewhere classified']","[{'id': 19614057, 'funder_name': 'National Health and Medical Research Council'}, {'id': 19614057, 'funder_name': 'National Health and Medical Research Council'}, {'id': 19614057, 'funder_name': 'National Institute of Diabetes and Digestive and Kidney Diseases'}, {'id': 19614057, 'funder_name': 'National Center for Chronic Disease Prevention and Health Promotion'}, {'id': 19614057, 'funder_name': None}]",3,2
19614012,CC BY-NC-SA 4.0,"['Land use and environmental planning', 'Urban analysis and development', 'Urban and regional planning not elsewhere classified', 'Urban planning and health', 'Social determinants of health', 'Community planning', 'Strategic, metropolitan and regional planning', 'Social epidemiology', 'Environmental epidemiology', 'Geospatial information systems and geospatial data modelling', 'Urban policy']","['Built Environment and Design not elsewhere classified', 'Urban Analysis and Development', 'Urban Policy', 'Urban Design', 'Epidemiology', 'Human Geography not elsewhere classified']","[{'id': 19614012, 'funder_name': 'National Health and Medical Research Council'}, {'id': 19614012, 'funder_name': 'National Health and Medical Research Council'}, {'id': 19614012, 'funder_name': 'National Institute of Diabetes and Digestive and Kidney Diseases'}, {'id': 19614012, 'funder_name': 'National Center for Chronic Disease Prevention and Health Promotion'}, {'id': 19614012, 'funder_name': None}]",3,3
19614054,CC BY-NC-SA 4.0,"['Land use and environmental planning', 'Urban analysis and development', 'Urban and regional planning not elsewhere classified', 'Urban planning and health', 'Social determinants of health', 'Community planning', 'Strategic, metropolitan and regional planning', 'Social epidemiology', 'Environmental epidemiology', 'Geospatial information systems and geospatial data modelling', 'Urban policy']","['Built Environment and Design not elsewhere classified', 'Urban Analysis and Development', 'Urban Policy', 'Urban Design', 'Epidemiology', 'Human Geography not elsewhere classified']","[{'id': 19614054, 'funder_name': 'National Health and Medical Research Council'}, {'id': 19614054, 'funder_name': 'National Health and Medical Research Council'}, {'id': 19614054, 'funder_name': 'National Institute of Diabetes and Digestive and Kidney Diseases'}, {'id': 19614054, 'funder_name': 'National Center for Chronic Disease Prevention and Health Promotion'}, {'id': 19614054, 'funder_name': None}]",3,3
19614048,CC BY-NC-SA 4.0,"['Land use and environmental planning', 'Urban analysis and development', 'Urban and regional planning not elsewhere classified', 'Urban planning and health', 'Social determinants of health', 'Community planning', 'Strategic, metropolitan and regional planning', 'Social epidemiology', 'Environmental epidemiology', 'Geospatial information systems and geospatial data modelling', 'Urban policy']","['Built Environment and Design not elsewhere classified', 'Urban Analysis and Development', 'Urban Policy', 'Urban Design', 'Epidemiology', 'Human Geography not elsewhere classified']","[{'id': 19614048, 'funder_name': 'National Health and Medical Research Council'}, {'id': 19614048, 'funder_name': 'National Health and Medical Research Council'}, {'id': 19614048, 'funder_name': 'National Institute of Diabetes and Digestive and Kidney Diseases'}, {'id': 19614048, 'funder_name': 'National Center for Chronic Disease Prevention and Health Promotion'}, {'id': 19614048, 'funder_name': None}]",3,4
19614039,CC BY-NC-SA 4.0,"['Land use and environmental planning', 'Urban analysis and development', 'Urban and regional planning not elsewhere classified', 'Urban planning and health', 'Social determinants of health', 'Community planning', 'Strategic, metropolitan and regional planning', 'Social epidemiology', 'Environmental epidemiology', 'Geospatial information systems and geospatial data modelling', 'Urban policy']","['Built Environment and Design not elsewhere classified', 'Urban Analysis and Development', 'Urban Policy', 'Urban Design', 'Epidemiology', 'Human Geography not elsewhere classified']","[{'id': 19614039, 'funder_name': 'National Health and Medical Research Council'}, {'id': 19614039, 'funder_name': 'National Health and Medical Research Council'}, {'id': 19614039, 'funder_name': 'National Institute of Diabetes and Digestive and Kidney Diseases'}, {'id': 19614039, 'funder_name': 'National Center for Chronic Disease Prevention and Health Promotion'}, {'id': 19614039, 'funder_name': None}]",3,3
19614015,CC BY-NC-SA 4.0,"['Land use and environmental planning', 'Urban analysis and development', 'Urban and regional planning not elsewhere classified', 'Urban planning and health', 'Social determinants of health', 'Community planning', 'Strategic, metropolitan and regional planning', 'Social epidemiology', 'Environmental epidemiology', 'Geospatial information systems and geospatial data modelling', 'Urban policy']","['Built Environment and Design not elsewhere classified', 'Urban Analysis and Development', 'Urban Policy', 'Urban Design', 'Epidemiology', 'Human Geography not elsewhere classified']","[{'id': 19614015, 'funder_name': 'National Health and Medical Research Council'}, {'id': 19614015, 'funder_name': 'National Health and Medical Research Council'}, {'id': 19614015, 'funder_name': 'National Institute of Diabetes and Digestive and Kidney Diseases'}, {'id': 19614015, 'funder_name': 'National Center for Chronic Disease Prevention and Health Promotion'}, {'id': 19614015, 'funder_name': None}]",3,2
19614021,CC BY-NC-SA 4.0,"['Land use and environmental planning', 'Urban analysis and development', 'Urban and regional planning not elsewhere classified', 'Urban planning and health', 'Social determinants of health', 'Community planning', 'Strategic, metropolitan and regional planning', 'Social epidemiology', 'Environmental epidemiology', 'Geospatial information systems and geospatial data modelling', 'Urban policy']","['Built Environment and Design not elsewhere classified', 'Urban Analysis and Development', 'Urban Policy', 'Urban Design', 'Epidemiology', 'Human Geography not elsewhere classified']","[{'id': 19614021, 'funder_name': 'National Health and Medical Research Council'}, {'id': 19614021, 'funder_name': 'National Health and Medical Research Council'}, {'id': 19614021, 'funder_name': 'National Institute of Diabetes and Digestive and Kidney Diseases'}, {'id': 19614021, 'funder_name': 'National Center for Chronic Disease Prevention and Health Promotion'}, {'id': 19614021, 'funder_name': None}]",3,4
19614033,CC BY-NC-SA 4.0,"['Land use and environmental planning', 'Urban analysis and development', 'Urban and regional planning not elsewhere classified', 'Urban planning and health', 'Social determinants of health', 'Community planning', 'Strategic, metropolitan and regional planning', 'Social epidemiology', 'Environmental epidemiology', 'Geospatial information systems and geospatial data modelling', 'Urban policy']","['Built Environment and Design not elsewhere classified', 'Urban Analysis and Development', 'Urban Policy', 'Urban Design', 'Epidemiology', 'Human Geography not elsewhere classified']","[{'id': 19614033, 'funder_name': 'National Health and Medical Research Council'}, {'id': 19614033, 'funder_name': 'National Health and Medical Research Council'}, {'id': 19614033, 'funder_name': 'National Institute of Diabetes and Digestive and Kidney Diseases'}, {'id': 19614033, 'funder_name': 'National Center for Chronic Disease Prevention and Health Promotion'}, {'id': 19614033, 'funder_name': None}]",3,3
19614030,CC BY-NC-SA 4.0,"['Land use and environmental planning', 'Urban analysis and development', 'Urban and regional planning not elsewhere classified', 'Urban planning and health', 'Social determinants of health', 'Community planning', 'Strategic, metropolitan and regional planning', 'Social epidemiology', 'Environmental epidemiology', 'Geospatial information systems and geospatial data modelling', 'Urban policy']","['Built Environment and Design not elsewhere classified', 'Urban Analysis and Development', 'Urban Policy', 'Urban Design', 'Epidemiology', 'Human Geography not elsewhere classified']","[{'id': 19614030, 'funder_name': 'National Health and Medical Research Council'}, {'id': 19614030, 'funder_name': 'National Health and Medical Research Council'}, {'id': 19614030, 'funder_name': 'National Institute of Diabetes and Digestive and Kidney Diseases'}, {'id': 19614030, 'funder_name': 'National Center for Chronic Disease Prevention and Health Promotion'}, {'id': 19614030, 'funder_name': None}]",3,3
19586770,CC BY-NC-SA 4.0,"['Land use and environmental planning', 'Transport planning', 'Urban analysis and development', 'Urban and regional planning not elsewhere classified', 'Urban planning and health', 'Social determinants of health', 'Community planning', 'Strategic, metropolitan and regional planning', 'Social epidemiology', 'Environmental epidemiology', 'Geospatial information systems and geospatial data modelling', 'Urban policy']","['Built Environment and Design not elsewhere classified', 'Urban Analysis and Development', 'Urban Policy', 'Urban Design', 'Epidemiology', 'Human Geography not elsewhere classified']","[{'id': 19586770, 'funder_name': 'National Health and Medical Research Council'}, {'id': 19586770, 'funder_name': 'National Health and Medical Research Council'}, {'id': 19586770, 'funder_name': 'National Institute of Diabetes and Digestive and Kidney Diseases'}, {'id': 19586770, 'funder_name': 'National Center for Chronic Disease Prevention and Health Promotion'}, {'id': 19586770, 'funder_name': None}]",2,3
19614018,CC BY-NC-SA 4.0,"['Land use and environmental planning', 'Urban analysis and development', 'Urban and regional planning not elsewhere classified', 'Urban planning and health', 'Social determinants of health', 'Community planning', 'Strategic, metropolitan and regional planning', 'Social epidemiology', 'Environmental epidemiology', 'Geospatial information systems and geospatial data modelling', 'Urban policy']","['Built Environment and Design not elsewhere classified', 'Urban Analysis and Development', 'Urban Policy', 'Urban Design', 'Epidemiology', 'Human Geography not elsewhere classified']","[{'id': 19614018, 'funder_name': 'National Health and Medical Research Council'}, {'id': 19614018, 'funder_name': 'National Health and Medical Research Council'}, {'id': 19614018, 'funder_name': 'National Institute of Diabetes and Digestive and Kidney Diseases'}, {'id': 19614018, 'funder_name': 'National Center for Chronic Disease Prevention and Health Promotion'}, {'id': 19614018, 'funder_name': None}]",3,3
19304123,CC BY-SA 4.0,"['Community planning', 'Public participation and community engagement', 'Regional analysis and development', 'Strategic, metropolitan and regional planning', 'Urban planning and health']","['place-based approaches', 'public policy']",[],0,0
20113526,CC BY-NC-SA 4.0,"['Urban geography', 'Urban community development', 'Socio-economic development', 'Studies of Asian society', 'Community planning', 'Land use and environmental planning', 'Transport planning', 'Strategic, metropolitan and regional planning', 'Urban design', 'Urban informatics', 'Urban planning and health']","['liveability', 'Sustainable Development Goals Equity', 'Bangkok', 'Thailand Monitoring', 'Low to middle income countries']","[{'id': 20113526, 'funder_name': None}]",0,1
19614078,CC BY-NC-SA 4.0,"['Land use and environmental planning', 'Urban analysis and development', 'Urban and regional planning not elsewhere classified', 'Urban planning and health', 'Social determinants of health', 'Community planning', 'Strategic, metropolitan and regional planning', 'Social epidemiology', 'Environmental epidemiology', 'Geospatial information systems and geospatial data modelling', 'Urban policy']","['Built Environment and Design not elsewhere classified', 'Urban Analysis and Development', 'Urban Policy', 'Urban Design', 'Epidemiology', 'Human Geography not elsewhere classified']","[{'id': 19614078, 'funder_name': 'National Health and Medical Research Council'}, {'id': 19614078, 'funder_name': 'National Health and Medical Research Council'}, {'id': 19614078, 'funder_name': 'National Institute of Diabetes and Digestive and Kidney Diseases'}, {'id': 19614078, 'funder_name': 'National Center for Chronic Disease Prevention and Health Promotion'}, {'id': 19614078, 'funder_name': None}]",3,4
19614075,CC BY-NC-SA 4.0,"['Land use and environmental planning', 'Urban analysis and development', 'Urban and regional planning not elsewhere classified', 'Urban planning and health', 'Social determinants of health', 'Community planning', 'Strategic, metropolitan and regional planning', 'Social epidemiology', 'Environmental epidemiology', 'Geospatial information systems and geospatial data modelling', 'Urban policy']","['Built Environment and Design not elsewhere classified', 'Urban Analysis and Development', 'Urban Policy', 'Urban Design', 'Epidemiology', 'Human Geography not elsewhere classified']","[{'id': 19614075, 'funder_name': 'National Health and Medical Research Council'}, {'id': 19614075, 'funder_name': 'National Health and Medical Research Council'}, {'id': 19614075, 'funder_name': 'National Institute of Diabetes and Digestive and Kidney Diseases'}, {'id': 19614075, 'funder_name': 'National Center for Chronic Disease Prevention and Health Promotion'}, {'id': 19614075, 'funder_name': None}]",3,4
19586767,CC BY-NC-SA 4.0,"['Land use and environmental planning', 'Urban analysis and development', 'Urban and regional planning not elsewhere classified', 'Urban planning and health', 'Social determinants of health', 'Community planning', 'Strategic, metropolitan and regional planning', 'Social epidemiology', 'Environmental epidemiology', 'Geospatial information systems and geospatial data modelling', 'Urban policy']","['Built Environment and Design not elsewhere classified', 'Urban Analysis and Development', 'Urban policy.', 'Urban Design', 'Epidemiology', 'Human Geography not elsewhere classified']","[{'id': 19586767, 'funder_name': 'National Health and Medical Research Council'}, {'id': 19586767, 'funder_name': 'National Health and Medical Research Council'}, {'id': 19586767, 'funder_name': 'National Institute of Diabetes and Digestive and Kidney Diseases'}, {'id': 19586767, 'funder_name': 'National Center for Chronic Disease Prevention and Health Promotion'}, {'id': 19586767, 'funder_name': None}]",2,3
19614027,CC BY-NC-SA 4.0,"['Land use and environmental planning', 'Urban analysis and development', 'Urban and regional planning not elsewhere classified', 'Urban planning and health', 'Social determinants of health', 'Community planning', 'Strategic, metropolitan and regional planning', 'Social epidemiology', 'Environmental epidemiology', 'Geospatial information systems and geospatial data modelling', 'Urban policy']","['Built Environment and Design not elsewhere classified', 'Urban Analysis and Development', 'Urban Policy', 'Urban Design', 'Epidemiology', 'Human Geography not elsewhere classified']","[{'id': 19614027, 'funder_name': 'National Health and Medical Research Council'}, {'id': 19614027, 'funder_name': 'National Health and Medical Research Council'}, {'id': 19614027, 'funder_name': 'National Institute of Diabetes and Digestive and Kidney Diseases'}, {'id': 19614027, 'funder_name': 'National Center for Chronic Disease Prevention and Health Promotion'}, {'id': 19614027, 'funder_name': None}]",3,3
19614009,CC BY-NC-SA 4.0,"['Land use and environmental planning', 'Urban analysis and development', 'Urban and regional planning not elsewhere classified', 'Urban planning and health', 'Social determinants of health', 'Community planning', 'Strategic, metropolitan and regional planning', 'Social epidemiology', 'Environmental epidemiology', 'Geospatial information systems and geospatial data modelling', 'Urban policy']","['Built Environment and Design not elsewhere classified', 'Urban Analysis and Development', 'Urban Policy', 'Urban Design', 'Epidemiology', 'Human Geography not elsewhere classified']","[{'id': 19614009, 'funder_name': 'National Health and Medical Research Council'}, {'id': 19614009, 'funder_name': 'National Health and Medical Research Council'}, {'id': 19614009, 'funder_name': 'National Institute of Diabetes and Digestive and Kidney Diseases'}, {'id': 19614009, 'funder_name': 'National Center for Chronic Disease Prevention and Health Promotion'}, {'id': 19614009, 'funder_name': None}]",3,2
19614036,CC BY-NC-SA 4.0,"['Land use and environmental planning', 'Urban analysis and development', 'Urban and regional planning not elsewhere classified', 'Urban planning and health', 'Social determinants of health', 'Community planning', 'Strategic, metropolitan and regional planning', 'Social epidemiology', 'Environmental epidemiology', 'Geospatial information systems and geospatial data modelling', 'Urban policy']","['Built Environment and Design not elsewhere classified', 'Urban Analysis and Development', 'Urban Policy', 'Urban Design', 'Epidemiology', 'Human Geography not elsewhere classified']","[{'id': 19614036, 'funder_name': 'National Health and Medical Research Council'}, {'id': 19614036, 'funder_name': 'National Health and Medical Research Council'}, {'id': 19614036, 'funder_name': 'National Institute of Diabetes and Digestive and Kidney Diseases'}, {'id': 19614036, 'funder_name': 'National Center for Chronic Disease Prevention and Health Promotion'}, {'id': 19614036, 'funder_name': None}]",3,3
19614066,CC BY-NC-SA 4.0,"['Land use and environmental planning', 'Urban analysis and development', 'Urban and regional planning not elsewhere classified', 'Urban planning and health', 'Social determinants of health', 'Community planning', 'Strategic, metropolitan and regional planning', 'Social epidemiology', 'Environmental epidemiology', 'Geospatial information systems and geospatial data modelling', 'Urban policy']","['Built Environment and Design not elsewhere classified', 'Urban Analysis and Development', 'Urban Policy', 'Urban Design', 'Epidemiology', 'Human Geography not elsewhere classified']","[{'id': 19614066, 'funder_name': 'National Health and Medical Research Council'}, {'id': 19614066, 'funder_name': 'National Health and Medical Research Council'}, {'id': 19614066, 'funder_name': 'National Institute of Diabetes and Digestive and Kidney Diseases'}, {'id': 19614066, 'funder_name': 'National Center for Chronic Disease Prevention and Health Promotion'}, {'id': 19614066, 'funder_name': None}]",3,3
19614063,CC BY-NC-SA 4.0,"['Land use and environmental planning', 'Urban analysis and development', 'Urban and regional planning not elsewhere classified', 'Urban planning and health', 'Social determinants of health', 'Community planning', 'Strategic, metropolitan and regional planning', 'Social epidemiology', 'Environmental epidemiology', 'Geospatial information systems and geospatial data modelling', 'Urban policy']","['Built Environment and Design not elsewhere classified', 'Urban Analysis and Development', 'Urban Policy', 'Urban Design', 'Epidemiology', 'Human Geography not elsewhere classified']","[{'id': 19614063, 'funder_name': 'National Health and Medical Research Council'}, {'id': 19614063, 'funder_name': 'National Health and Medical Research Council'}, {'id': 19614063, 'funder_name': 'National Institute of Diabetes and Digestive and Kidney Diseases'}, {'id': 19614063, 'funder_name': 'National Center for Chronic Disease Prevention and Health Promotion'}, {'id': 19614063, 'funder_name': None}]",3,2
19614072,CC BY-NC-SA 4.0,"['Land use and environmental planning', 'Urban analysis and development', 'Urban and regional planning not elsewhere classified', 'Urban planning and health', 'Social determinants of health', 'Community planning', 'Strategic, metropolitan and regional planning', 'Social epidemiology', 'Environmental epidemiology', 'Geospatial information systems and geospatial data modelling', 'Urban policy']","['Built Environment and Design not elsewhere classified', 'Urban Analysis and Development', 'Urban Policy', 'Urban Design', 'Epidemiology', 'Human Geography not elsewhere classified']","[{'id': 19614072, 'funder_name': 'National Health and Medical Research Council'}, {'id': 19614072, 'funder_name': 'National Health and Medical Research Council'}, {'id': 19614072, 'funder_name': 'National Institute of Diabetes and Digestive and Kidney Diseases'}, {'id': 19614072, 'funder_name': 'National Center for Chronic Disease Prevention and Health Promotion'}, {'id': 19614072, 'funder_name': None}]",3,2
19614051,CC BY-NC-SA 4.0,"['Land use and environmental planning', 'Urban analysis and development', 'Urban and regional planning not elsewhere classified', 'Urban planning and health', 'Social determinants of health', 'Community planning', 'Strategic, metropolitan and regional planning', 'Social epidemiology', 'Environmental epidemiology', 'Geospatial information systems and geospatial data modelling', 'Urban policy']","['Built Environment and Design not elsewhere classified', 'Urban Analysis and Development', 'Urban Policy', 'Urban Design', 'Epidemiology', 'Human Geography not elsewhere classified']","[{'id': 19614051, 'funder_name': 'National Health and Medical Research Council'}, {'id': 19614051, 'funder_name': 'National Health and Medical Research Council'}, {'id': 19614051, 'funder_name': 'National Institute of Diabetes and Digestive and Kidney Diseases'}, {'id': 19614051, 'funder_name': 'National Center for Chronic Disease Prevention and Health Promotion'}, {'id': 19614051, 'funder_name': None}]",3,3
19614060,CC BY-NC-SA 4.0,"['Land use and environmental planning', 'Urban analysis and development', 'Urban and regional planning not elsewhere classified', 'Urban planning and health', 'Social determinants of health', 'Community planning', 'Strategic, metropolitan and regional planning', 'Social epidemiology', 'Environmental epidemiology', 'Geospatial information systems and geospatial data modelling', 'Urban policy']","['Built Environment and Design not elsewhere classified', 'Urban Analysis and Development', 'Urban Policy', 'Urban Design', 'Epidemiology', 'Human Geography not elsewhere classified']","[{'id': 19614060, 'funder_name': 'National Health and Medical Research Council'}, {'id': 19614060, 'funder_name': 'National Health and Medical Research Council'}, {'id': 19614060, 'funder_name': 'National Institute of Diabetes and Digestive and Kidney Diseases'}, {'id': 19614060, 'funder_name': 'National Center for Chronic Disease Prevention and Health Promotion'}, {'id': 19614060, 'funder_name': None}]",3,3
19976126,CC BY-NC-SA 4.0,"['Land use and environmental planning', 'Urban informatics', 'Urban planning and health', 'Urban analysis and development', 'Strategic, metropolitan and regional planning', 'Geoscience data visualisation']","['Liveability', 'Bangkok', 'spatial indicators', 'software']","[{'id': 19976126, 'funder_name': None}]",3,1
19614024,CC BY-NC-SA 4.0,"['Land use and environmental planning', 'Urban analysis and development', 'Urban and regional planning not elsewhere classified', 'Urban planning and health', 'Social determinants of health', 'Community planning', 'Strategic, metropolitan and regional planning', 'Social epidemiology', 'Environmental epidemiology', 'Geospatial information systems and geospatial data modelling', 'Urban policy']","['Built Environment and Design not elsewhere classified', 'Urban Analysis and Development', 'Urban Policy', 'Urban Design', 'Epidemiology', 'Human Geography not elsewhere classified']","[{'id': 19614024, 'funder_name': 'National Health and Medical Research Council'}, {'id': 19614024, 'funder_name': 'National Health and Medical Research Council'}, {'id': 19614024, 'funder_name': 'National Institute of Diabetes and Digestive and Kidney Diseases'}, {'id': 19614024, 'funder_name': 'National Center for Chronic Disease Prevention and Health Promotion'}, {'id': 19614024, 'funder_name': None}]",3,2
19614045,CC BY-NC-SA 4.0,"['Land use and environmental planning', 'Urban analysis and development', 'Urban and regional planning not elsewhere classified', 'Urban planning and health', 'Social determinants of health', 'Community planning', 'Strategic, metropolitan and regional planning', 'Social epidemiology', 'Environmental epidemiology', 'Geospatial information systems and geospatial data modelling', 'Urban policy']","['Built Environment and Design not elsewhere classified', 'Urban Analysis and Development', 'Urban Policy', 'Urban Design', 'Epidemiology', 'Human Geography not elsewhere classified']","[{'id': 19614045, 'funder_name': 'National Health and Medical Research Council'}, {'id': 19614045, 'funder_name': 'National Health and Medical Research Council'}, {'id': 19614045, 'funder_name': 'National Institute of Diabetes and Digestive and Kidney Diseases'}, {'id': 19614045, 'funder_name': 'National Center for Chronic Disease Prevention and Health Promotion'}, {'id': 19614045, 'funder_name': None}]",3,3
12326300,CC BY 4.0,"['Health care administration', 'Health and community services', 'Public policy']","['Protocol', 'Scoping review', 'Equity', 'Older people', 'Service coverage', 'Health', 'Health Care', 'Health and Community Services', 'Public Policy']","[{'id': 12326300, 'funder_name': None}]",0,1
5630977,CC BY-NC-SA 4.0,"['Health policy', 'Health promotion', 'Health economics', 'Health care administration', 'Aboriginal and Torres Strait Islander health and wellbeing not elsewhere classified', 'Health and community services', 'Infrastructure engineering and asset management', 'International relations', 'International economics', 'Energy generation, conversion and storage (excl. chemical and electrical)', 'Electrical engineering not elsewhere classified', 'Electrical energy generation (incl. renewables, excl. photovoltaics)', 'Public policy', 'Social policy', 'Environment policy', 'Science, technology and engineering curriculum and pedagogy', 'Research, science and technology policy', 'Water resources engineering', 'Groundwater quality processes and contaminated land assessment', 'Surface water quality processes and contaminated sediment assessment', 'Water treatment processes', 'Wastewater treatment processes', 'Food packaging, preservation and processing', 'Food nutritional balance', 'Food safety, traceability, certification and authenticity', 'Packaging, storage and transportation (excl. food and agricultural products)', 'Agriculture, land and farm management not elsewhere classified']","['Research', 'report', 'health', 'food', 'agriculture', 'policy', 'energy', 'infrastructure', 'australia', 'indonesia', 'water', 'urban', 'renewable', 'systems', 'Health Policy', 'Health Promotion', 'Health Economics', 'Health Care', 'Aboriginal and Torres Strait Islander Health', 'Health and Community Services', 'Infrastructure Engineering and Asset Management', 'International Relations', 'International Economics and International Finance', 'Energy Generation, Conversion and Storage Engineering', 'Power and Energy Systems Engineering (excl. Renewable Power)', 'Renewable Power and Energy Systems Engineering (excl. Solar Cells)', 'Public Policy', 'Social Policy', 'Environment Policy', 'Science Policy', 'Research, Science and Technology Policy', 'Water Quality Engineering', 'Water Treatment Processes', 'Water Resources Engineering', 'Wastewater Treatment Processes', 'Food Processing', 'Food Nutritional Balance', 'Food Packaging, Preservation and Safety', 'Packaging, Storage and Transportation (excl. Food and Agricultural Products)', 'Agriculture, Land and Farm Management not elsewhere classified']","[{'id': 5630977, 'funder_name': None}]",1,1
12831023,CC BY 4.0,"['Health and community services', 'Health care administration', 'Primary health care']","['Health services research', 'Health and Community Services', 'Health Care', 'Primary Health Care']",[],0,1
6444467,CC BY-NC-ND 4.0,"['Health care administration', 'Health policy', 'Health economics', 'Primary health care', 'Health and community services', 'Health surveillance', 'Medicine, nursing and health curriculum and pedagogy', 'Health promotion', 'Community child health', 'Occupational and workplace health and safety']","['Health', 'Tobacco', 'Smoking', 'Denpasar, Bali', 'Policy', 'research', 'results', 'kesehatan', 'rokok', 'tembakau', 'penelitian', 'kebijakan', 'dilarang merokok', 'Health Care Administration', 'Health Policy', 'Health Economics', 'Primary Health Care', 'Health and Community Services', 'Health Information Systems (incl. Surveillance)', 'Medicine, Nursing and Health Curriculum and Pedagogy', 'Health Promotion', 'Health Care', 'Community Child Health', 'Environmental and Occupational Health and Safety']","[{'id': 6444467, 'funder_name': None}]",1,1
11912070,CC BY 4.0,"['Epidemiology not elsewhere classified', 'Health care administration', 'Health and community services', 'Primary health care']","['Primary Care Clinics', 'Epidemiology', 'Health Care', 'Health Care Administration', 'Health and Community Services', 'Primary Health Care']",[],0,1
12830999,CC BY 4.0,"['Health care administration', 'Health and community services', 'Primary health care']","['Health Service Research', 'Health Care', 'Health and Community Services', 'Primary Health Care']",[],0,1
13686208,CC BY 4.0,"['Occupational and workplace health and safety', 'Health and community services', 'Health care administration']","['Vaccination uptake', 'Rapid review', 'healthcare worker', 'pandemic season', 'Environmental and Occupational Health and Safety', 'Health and Community Services', 'Health Care', 'Health Care Administration']","[{'id': 13686208, 'funder_name': None}]",0,1
7591757,CC BY-NC-ND 4.0,"['Other engineering not elsewhere classified', 'Health and community services', 'Environment policy', 'Public policy', 'Social change', 'Health policy']","['PAIR', 'Partnership for Australia-Indonesia Research', 'South Sulawesi', 'place-based', 'demand-driven', 'interdisciplinary', 'research', 'bilateral', 'Technology not elsewhere classified', 'Engineering not elsewhere classified', 'Health and Community Services', 'Environment Policy', 'Public Policy', 'Social Change', 'Health Policy']","[{'id': 7591757, 'funder_name': None}]",0,1
6948920,CC BY-NC-ND 4.0,"['Aboriginal and Torres Strait Islander health and wellbeing not elsewhere classified', 'Community child health', 'Family care', 'Health promotion', 'Health and community services', 'Mental health nursing', 'Obstetrics and gynaecology', 'Paediatrics not elsewhere classified', 'Aboriginal and Torres Strait Islander medicine and treatments', 'Midwifery not elsewhere classified', 'Foetal development and medicine']","['First 1000\xa0days of life', 'Indigenous', 'Australian', 'Indonesian', 'infant', 'health', 'care', 'traditional', 'Aboriginal and Torres Strait Islander Health', 'Community Child Health', 'Family Care', 'Health Promotion', 'Health and Community Services', 'Mental Health Nursing', 'Obstetrics and Gynaecology', 'Paediatrics', 'Traditional Aboriginal and Torres Strait Islander Medicine and Treatments', 'Midwifery', 'Foetal Development and Medicine']","[{'id': 6948920, 'funder_name': None}]",0,1
12831011,CC BY 4.0,"['Health care administration', 'Health and community services', 'Primary health care']","['Health Service Research', 'Health Care', 'Health and Community Services', 'Primary Health Care']",[],0,1
14268119,CC BY-ND 4.0,"['Occupational and workplace health and safety', 'Health and community services']","['healthcare Staff Wellbeing', 'pandemic season', 'Systematic Review', 'organisational structures', 'Environmental and Occupational Health and Safety', 'Health and Community Services']","[{'id': 14268119, 'funder_name': None}]",0,1
19522141,In Copyright,"['Water Quality', 'Indigenous Health', 'Indigenous policy and policy administration']","['Water quality management -- Government policy -- Canada', 'Drinking water -- Contamination -- Canada', 'Water supply -- Government policy -- Canada', 'Indigenous peoples -- Canada -- Social conditions', 'Water security -- Social aspects', 'Canada.  Indian Act.', 'Water resources development -- Economic aspects', 'Neskantaga First Nations']",[],0,1
19519975,In Copyright,"['Water Quality', 'Indigenous Health']","['Water quality management -- Government policy -- Ontario', 'Water quality management -- Government policy -- Ontario -- Neskantaga First Nation', 'Drinking water -- Contamination -- Ontario -- Neskantaga First Nation', 'Drinking water -- Contamination -- Ontario', 'Water supply -- Government policy -- Ontario', 'Water supply -- Government policy -- Ontario -- Neskantaga', 'Water security -- Social aspects', 'Neskantaga First Nations', 'Indigenous peoples -- Ontario -- Social conditions', 'Water quality management -- Government policy -- Canada', 'Drinking water -- Contamination -- Canada', 'Water supply -- Government policy -- Canada', 'Indigenous peoples -- Canada -- Social conditions']",[],0,2
4060332,In Copyright,"['Health surveillance', 'Health policy', 'Health care administration']","['Disinvestment', 'Health technologies', '1959.1/1218926', 'monash:162354', '2009', 'Health Information Systems (incl. Surveillance)', 'Health Policy', 'Health Care Administration']",[],0,1
4060383,In Copyright,"['Health care administration', 'Health surveillance']","['Disinvestment', 'Health technology', '2009', '1959.1/1218922', 'monash:162355', 'Health Care Administration', 'Health Information Systems (incl. Surveillance)']",[],0,1
4060386,CC BY-NC-ND 4.0,"['Health care administration', 'Health surveillance']","['Implementation', 'Policy', 'Procedure', 'Protocol', 'Guideline', '2010', '1959.1/1225381', 'monash:163617', 'Health Care Administration', 'Health Information Systems (incl. Surveillance)']",[],0,1
4060176,CC BY-NC-ND 4.0,"['Health care administration', 'Health surveillance']","['Guideline', 'Complex intervention', 'Evaluation', 'Framework', '2007', 'monash:162353', '1959.1/1218931', 'Health Care Administration', 'Health Information Systems (incl. Surveillance)']",[],0,1
4060389,CC BY-NC-ND 4.0,"['Health policy', 'Health care administration', 'Health surveillance']","['Health service improvement', 'Project', 'Guidence', '2012', '1959.1/1225373', 'monash:163616', 'Health Policy', 'Health Care Administration', 'Health Information Systems (incl. Surveillance)']",[],0,1
4060380,In Copyright,"['Health care administration', 'Health surveillance']","['Disinvestment', 'Health technologies', '2008', '1959.1/1218935', 'monash:162352', 'Health Care Administration', 'Health Information Systems (incl. Surveillance)']",[],0,1
4060392,In Copyright,"['Health surveillance', 'Health care administration']","['Evidence', 'Health technologies', 'Systematic review', 'Critical appraisal', 'Evidence based practice', '2011', '1959.1/12218939', 'monash:162351', 'Health Information Systems (incl. Surveillance)', 'Health Care Administration']",[],0,1
17193167,CC BY-NC-ND 4.0,['Health surveillance'],"['Health data visualisation', 'Dashboards', 'Clinical Dashboards', 'Graphical information displays', 'Visual Summary', 'Monash Partners', 'Health Information Systems (incl. Surveillance)']","[{'id': 17193167, 'funder_name': None}]",0,1
19395581,CC BY 4.0,"['Drama, theatre and performance studies', 'Global Indigenous studies health and wellbeing', 'Health promotion']","['Indigenous theatre', 'HIV and AIDS', 'Aboriginal and Torres Strait Islander persons', 'Dramaturgy', 'theatre and performance']","[{'id': 19395581, 'funder_name': None}]",0,1
19395350,CC BY 4.0,"['Drama, theatre and performance studies', 'Health promotion', 'Global Indigenous studies health and wellbeing']","['HIV and AIDS', 'Indigenous performance', 'Aboriginal and Torres Strait Islander persons', 'Dramaturgy', 'theatre and performance']","[{'id': 19395350, 'funder_name': None}]",0,1
19137902,CC BY 4.0,"['Land Use and Environmental Planning', 'Environmental Engineering Design', 'Environmental Impact Assessment', 'Environmental Management', 'Community Child Health', 'Environmental and Occupational Health and Safety']","['Environmental justice', 'Disparities', 'dashboard tools', 'Cumulative Impact Assessment', 'School children']",[],3,1
19407215,CC BY 4.0,['Community Child Health'],"['autism', 'infants and toddlers', 'Autism Spectrum Disorder', 'early recognition and diagnosis of autism']",[],0,1
14616969,CC BY-ND 4.0,"['Community Child Health', 'Mental Health', 'Obstetrics and Gynaecology', 'Neuroscience']","['Pregnancy', 'Mental health', 'Depression', 'Anxiety', 'Prenatal', 'Executive function', 'Brain development', 'Maternal care', 'Intergenerational disadvantage']","[{'id': 14616969, 'funder_name': None}]",1,1
18634961,CC BY-NC 4.0,"['Community Planning', 'Land Use and Environmental Planning', 'Environmental Impact Assessment', 'Environmental Management', 'Environmental Monitoring', 'Community Child Health', 'Decision Theory']","['environmental justice (EJ)', 'geostatistical techniques', 'exposure assessment methodology', 'dashboard design', 'Community based participatory design approach']","[{'id': 18634961, 'funder_name': None}]",3,1
16946011,CC BY-ND 4.0,"['Neuroscience', 'Sociology', 'Community Child Health']","['Executive functions', 'Child', 'Wellbeing', 'Brain', 'Early intervention', 'Self regulation', 'Policy']","[{'id': 16946011, 'funder_name': None}]",0,1
14597814,CC BY-NC-ND 4.0,"['Environmental Impact Assessment', 'Environmental Monitoring', 'Community Child Health', 'Land Use and Environmental Planning']","['Environmental justice', 'Disparities', 'School children', 'geostatistical methods', 'GIS dashboard']","[{'id': 14597814, 'funder_name': None}]",0,1
14141510,CC BY-NC-ND 4.0,"['Community child health', 'Ophthalmology']","['vision', 'screening', 'child', 'paediatrics', 'amblyopia', 'Community Child Health', 'Ophthalmology']",[],0,1
17122043,CC BY 4.0,['Community child health'],"['child abuse', 'Athletes', 'interpersonal violence', 'abuse', 'maltreatment', 'sport', 'UK', 'Sport England', 'sport sector', 'safeguarding', 'Community Child Health']","[{'id': 17122043, 'funder_name': None}]",1,1
13012406,CC BY-NC 4.0,"['Community child health', 'Community planning']","['school streets', 'citizen science', 'air pollution', 'road safety', 'wellbeing', 'cities', 'communities', 'Community Child Health', 'Community Planning']",[],0,2
14999127,CC BY-NC-ND 4.0,"['Community child health', 'Emergency medicine', 'Epidemiology not elsewhere classified', 'Family care', 'Paediatrics not elsewhere classified', 'Primary health care', 'Respiratory diseases']","['serious infectious illness', 'illness trajectories', 'parents and caregivers', 'Parents’ experiences', 'children under 5yrs', 'uncertainty', 'Community Child Health', 'Emergency Medicine', 'Epidemiology', 'Family Care', 'Paediatrics', 'Primary Health Care', 'Respiratory Diseases']","[{'id': 14999127, 'funder_name': None}]",0,1
14386805,CC BY 4.0,['Community child health'],"['Final Report', 'Community Child Health']","[{'id': 14386805, 'funder_name': None}]",0,1
16586417,CC BY 4.0,"['Other education not elsewhere classified', 'Community child health', 'Epidemiology not elsewhere classified', 'Health care administration']","['child', 'data analysis.ResultsThe indicators', 'data', 'Education', 'Community Child Health', 'Epidemiology', 'Health Care Administration']",[],0,1
17086616,CC BY 4.0,['Community child health'],"['child abuse', 'Athletes', 'interpersonal violence', 'abuse', 'maltreatment', 'sport', 'Europe', 'Austria', 'Belgium', 'Germany', 'Romania', 'Spain', 'UK', 'Sport England', 'the German Sport Youth', 'World Athletics', 'sport sector', 'Community Child Health']","[{'id': 17086616, 'funder_name': None}]",1,1
